Code du département,Libellé du département,Etat saisie,Inscrits,Abstentions,% Abs/Ins,Votants,% Vot/Ins,Blancs,% Blancs/Ins,% Blancs/Vot,Nuls,% Nuls/Ins,% Nuls/Vot,Exprimés,% Exp/Ins,% Exp/Vot,Sexe,Nom,Prénom,Voix,% Voix/Ins,% Voix/Exp,,,,,,,,,,,,,,,,,,,,,,,,,,,,,,,,,,,,,,,,,,,,,,,,,,,,,,,,,,,,,,,,,,
01,Ain,Complet,438109,97541,"22,26",340568,"77,74",5641,"1,29","1,66",1903,"0,43","0,56",333024,"76,01","97,78",F,ARTHAUD,Nathalie,1658,"0,38","0,5",M,ROUSSEL,Fabien,5938,"1,36","1,78",M,MACRON,Emmanuel,92206,"21,05","27,69",M,LASSALLE,Jean,10876,"2,48","3,27",F,LE PEN,Marine,86755,"19,8","26,05",M,ZEMMOUR,Éric,27530,"6,28","8,27",M,MÉLENCHON,Jean-Luc,57832,"13,2","17,37",F,HIDALGO,Anne,5644,"1,29","1,69",M,JADOT,Yannick,15843,"3,62","4,76",F,PÉCRESSE,Valérie,17572,"4,01","5,28",M,POUTOU,Philippe,2172,"0,5","0,65",M,DUPONT-AIGNAN,Nicolas,8998,"2,05","2,7"
02,Aisne,Complet,373544,101089,"27,06",272455,"72,94",3767,"1,01","1,38",2828,"0,76","1,04",265860,"71,17","97,58",F,ARTHAUD,Nathalie,2038,"0,55","0,77",M,ROUSSEL,Fabien,5968,"1,6","2,24",M,MACRON,Emmanuel,58721,"15,72","22,09",M,LASSALLE,Jean,6468,"1,73","2,43",F,LE PEN,Marine,104342,"27,93","39,25",M,ZEMMOUR,Éric,18266,"4,89","6,87",M,MÉLENCHON,Jean-Luc,41172,"11,02","15,49",F,HIDALGO,Anne,2983,"0,8","1,12",M,JADOT,Yannick,7074,"1,89","2,66",F,PÉCRESSE,Valérie,10920,"2,92","4,11",M,POUTOU,Philippe,2118,"0,57","0,8",M,DUPONT-AIGNAN,Nicolas,5790,"1,55","2,18"
03,Allier,Complet,249991,58497,"23,4",191494,"76,6",3749,"1,5","1,96",1790,"0,72","0,93",185955,"74,38","97,11",F,ARTHAUD,Nathalie,1359,"0,54","0,73",M,ROUSSEL,Fabien,8119,"3,25","4,37",M,MACRON,Emmanuel,49706,"19,88","26,73",M,LASSALLE,Jean,7782,"3,11","4,18",F,LE PEN,Marine,50315,"20,13","27,06",M,ZEMMOUR,Éric,12361,"4,94","6,65",M,MÉLENCHON,Jean-Luc,31013,"12,41","16,68",F,HIDALGO,Anne,3280,"1,31","1,76",M,JADOT,Yannick,5982,"2,39","3,22",F,PÉCRESSE,Valérie,10319,"4,13","5,55",M,POUTOU,Philippe,1503,"0,6","0,81",M,DUPONT-AIGNAN,Nicolas,4216,"1,69","2,27"
04,Alpes-de-Haute-Provence,Complet,128075,29290,"22,87",98785,"77,13",1478,"1,15","1,5",624,"0,49","0,63",96683,"75,49","97,87",F,ARTHAUD,Nathalie,505,"0,39","0,52",M,ROUSSEL,Fabien,2721,"2,12","2,81",M,MACRON,Emmanuel,20800,"16,24","21,51",M,LASSALLE,Jean,4309,"3,36","4,46",F,LE PEN,Marine,26010,"20,31","26,9",M,ZEMMOUR,Éric,7926,"6,19","8,2",M,MÉLENCHON,Jean-Luc,21856,"17,07","22,61",F,HIDALGO,Anne,1396,"1,09","1,44",M,JADOT,Yannick,3957,"3,09","4,09",F,PÉCRESSE,Valérie,3834,"2,99","3,97",M,POUTOU,Philippe,865,"0,68","0,89",M,DUPONT-AIGNAN,Nicolas,2504,"1,96","2,59"
05,Hautes-Alpes,Complet,113519,25357,"22,34",88162,"77,66",1395,"1,23","1,58",532,"0,47","0,6",86235,"75,97","97,81",F,ARTHAUD,Nathalie,428,"0,38","0,5",M,ROUSSEL,Fabien,1925,"1,7","2,23",M,MACRON,Emmanuel,20507,"18,06","23,78",M,LASSALLE,Jean,3871,"3,41","4,49",F,LE PEN,Marine,19696,"17,35","22,84",M,ZEMMOUR,Éric,6164,"5,43","7,15",M,MÉLENCHON,Jean-Luc,19718,"17,37","22,87",F,HIDALGO,Anne,1459,"1,29","1,69",M,JADOT,Yannick,5013,"4,42","5,81",F,PÉCRESSE,Valérie,4511,"3,97","5,23",M,POUTOU,Philippe,801,"0,71","0,93",M,DUPONT-AIGNAN,Nicolas,2142,"1,89","2,48"
06,Alpes-Maritimes,Complet,778582,208250,"26,75",570332,"73,25",7550,"0,97","1,32",4007,"0,51","0,7",558775,"71,77","97,97",F,ARTHAUD,Nathalie,1627,"0,21","0,29",M,ROUSSEL,Fabien,8858,"1,14","1,59",M,MACRON,Emmanuel,139707,"17,94",25,M,LASSALLE,Jean,12767,"1,64","2,28",F,LE PEN,Marine,148919,"19,13","26,65",M,ZEMMOUR,Éric,78208,"10,04",14,M,MÉLENCHON,Jean-Luc,92345,"11,86","16,53",F,HIDALGO,Anne,5414,"0,7","0,97",M,JADOT,Yannick,23374,3,"4,18",F,PÉCRESSE,Valérie,31260,"4,01","5,59",M,POUTOU,Philippe,2989,"0,38","0,53",M,DUPONT-AIGNAN,Nicolas,13307,"1,71","2,38"
07,Ardèche,Complet,255859,54114,"21,15",201745,"78,85",3311,"1,29","1,64",1459,"0,57","0,72",196975,"76,99","97,64",F,ARTHAUD,Nathalie,1219,"0,48","0,62",M,ROUSSEL,Fabien,5710,"2,23","2,9",M,MACRON,Emmanuel,45353,"17,73","23,02",M,LASSALLE,Jean,9033,"3,53","4,59",F,LE PEN,Marine,49594,"19,38","25,18",M,ZEMMOUR,Éric,14199,"5,55","7,21",M,MÉLENCHON,Jean-Luc,42837,"16,74","21,75",F,HIDALGO,Anne,4189,"1,64","2,13",M,JADOT,Yannick,8544,"3,34","4,34",F,PÉCRESSE,Valérie,9553,"3,73","4,85",M,POUTOU,Philippe,1817,"0,71","0,92",M,DUPONT-AIGNAN,Nicolas,4927,"1,93","2,5"
08,Ardennes,Complet,186197,49368,"26,51",136829,"73,49",1909,"1,03","1,4",984,"0,53","0,72",133936,"71,93","97,89",F,ARTHAUD,Nathalie,1081,"0,58","0,81",M,ROUSSEL,Fabien,3009,"1,62","2,25",M,MACRON,Emmanuel,31656,17,"23,64",M,LASSALLE,Jean,4084,"2,19","3,05",F,LE PEN,Marine,48242,"25,91","36,02",M,ZEMMOUR,Éric,8771,"4,71","6,55",M,MÉLENCHON,Jean-Luc,22281,"11,97","16,64",F,HIDALGO,Anne,1741,"0,94","1,3",M,JADOT,Yannick,3446,"1,85","2,57",F,PÉCRESSE,Valérie,5556,"2,98","4,15",M,POUTOU,Philippe,1112,"0,6","0,83",M,DUPONT-AIGNAN,Nicolas,2957,"1,59","2,21"
09,Ariège,Complet,119039,25028,"21,03",94011,"78,97",1532,"1,29","1,63",775,"0,65","0,82",91704,"77,04","97,55",F,ARTHAUD,Nathalie,417,"0,35","0,45",M,ROUSSEL,Fabien,2701,"2,27","2,95",M,MACRON,Emmanuel,18071,"15,18","19,71",M,LASSALLE,Jean,7532,"6,33","8,21",F,LE PEN,Marine,21958,"18,45","23,94",M,ZEMMOUR,Éric,5821,"4,89","6,35",M,MÉLENCHON,Jean-Luc,23908,"20,08","26,07",F,HIDALGO,Anne,3208,"2,69","3,5",M,JADOT,Yannick,3020,"2,54","3,29",F,PÉCRESSE,Valérie,2724,"2,29","2,97",M,POUTOU,Philippe,723,"0,61","0,79",M,DUPONT-AIGNAN,Nicolas,1621,"1,36","1,77"
10,Aube,Complet,205551,52384,"25,48",153167,"74,52",2339,"1,14","1,53",1158,"0,56","0,76",149670,"72,81","97,72",F,ARTHAUD,Nathalie,1005,"0,49","0,67",M,ROUSSEL,Fabien,3094,"1,51","2,07",M,MACRON,Emmanuel,38321,"18,64","25,6",M,LASSALLE,Jean,3787,"1,84","2,53",F,LE PEN,Marine,49316,"23,99","32,95",M,ZEMMOUR,Éric,11374,"5,53","7,6",M,MÉLENCHON,Jean-Luc,22483,"10,94","15,02",F,HIDALGO,Anne,1720,"0,84","1,15",M,JADOT,Yannick,4619,"2,25","3,09",F,PÉCRESSE,Valérie,8923,"4,34","5,96",M,POUTOU,Philippe,1062,"0,52","0,71",M,DUPONT-AIGNAN,Nicolas,3966,"1,93","2,65"
11,Aude,Complet,279927,62972,"22,5",216955,"77,5",2962,"1,06","1,37",1567,"0,56","0,72",212426,"75,89","97,91",F,ARTHAUD,Nathalie,1026,"0,37","0,48",M,ROUSSEL,Fabien,5622,"2,01","2,65",M,MACRON,Emmanuel,43104,"15,4","20,29",M,LASSALLE,Jean,12382,"4,42","5,83",F,LE PEN,Marine,64027,"22,87","30,14",M,ZEMMOUR,Éric,18434,"6,59","8,68",M,MÉLENCHON,Jean-Luc,42039,"15,02","19,79",F,HIDALGO,Anne,6166,"2,2","2,9",M,JADOT,Yannick,6322,"2,26","2,98",F,PÉCRESSE,Valérie,7350,"2,63","3,46",M,POUTOU,Philippe,1748,"0,62","0,82",M,DUPONT-AIGNAN,Nicolas,4206,"1,5","1,98"
12,Aveyron,Complet,219468,43833,"19,97",175635,"80,03",3079,"1,4","1,75",1654,"0,75","0,94",170902,"77,87","97,31",F,ARTHAUD,Nathalie,894,"0,41","0,52",M,ROUSSEL,Fabien,4515,"2,06","2,64",M,MACRON,Emmanuel,47430,"21,61","27,75",M,LASSALLE,Jean,14825,"6,75","8,67",F,LE PEN,Marine,34357,"15,65","20,1",M,ZEMMOUR,Éric,10112,"4,61","5,92",M,MÉLENCHON,Jean-Luc,32734,"14,92","19,15",F,HIDALGO,Anne,4470,"2,04","2,62",M,JADOT,Yannick,6746,"3,07","3,95",F,PÉCRESSE,Valérie,9988,"4,55","5,84",M,POUTOU,Philippe,1354,"0,62","0,79",M,DUPONT-AIGNAN,Nicolas,3477,"1,58","2,03"
13,Bouches-du-Rhône,Complet,1411184,383816,"27,2",1027368,"72,8",13341,"0,95","1,3",5407,"0,38","0,53",1008620,"71,47","98,18",F,ARTHAUD,Nathalie,3578,"0,25","0,35",M,ROUSSEL,Fabien,24295,"1,72","2,41",M,MACRON,Emmanuel,229038,"16,23","22,71",M,LASSALLE,Jean,24256,"1,72","2,4",F,LE PEN,Marine,264753,"18,76","26,25",M,ZEMMOUR,Éric,108617,"7,7","10,77",M,MÉLENCHON,Jean-Luc,237971,"16,86","23,59",F,HIDALGO,Anne,11760,"0,83","1,17",M,JADOT,Yannick,42109,"2,98","4,17",F,PÉCRESSE,Valérie,36229,"2,57","3,59",M,POUTOU,Philippe,5963,"0,42","0,59",M,DUPONT-AIGNAN,Nicolas,20051,"1,42","1,99"
14,Calvados,Complet,512148,117799,23,394349,77,5547,"1,08","1,41",2571,"0,5","0,65",386231,"75,41","97,94",F,ARTHAUD,Nathalie,2757,"0,54","0,71",M,ROUSSEL,Fabien,8777,"1,71","2,27",M,MACRON,Emmanuel,120366,"23,5","31,16",M,LASSALLE,Jean,9816,"1,92","2,54",F,LE PEN,Marine,91774,"17,92","23,76",M,ZEMMOUR,Éric,22255,"4,35","5,76",M,MÉLENCHON,Jean-Luc,73950,"14,44","19,15",F,HIDALGO,Anne,6848,"1,34","1,77",M,JADOT,Yannick,19621,"3,83","5,08",F,PÉCRESSE,Valérie,18383,"3,59","4,76",M,POUTOU,Philippe,3764,"0,73","0,97",M,DUPONT-AIGNAN,Nicolas,7920,"1,55","2,05"
15,Cantal,Complet,115745,25019,"21,62",90726,"78,38",1803,"1,56","1,99",821,"0,71","0,9",88102,"76,12","97,11",F,ARTHAUD,Nathalie,555,"0,48","0,63",M,ROUSSEL,Fabien,2496,"2,16","2,83",M,MACRON,Emmanuel,25038,"21,63","28,42",M,LASSALLE,Jean,6848,"5,92","7,77",F,LE PEN,Marine,21570,"18,64","24,48",M,ZEMMOUR,Éric,4906,"4,24","5,57",M,MÉLENCHON,Jean-Luc,12944,"11,18","14,69",F,HIDALGO,Anne,1810,"1,56","2,05",M,JADOT,Yannick,2751,"2,38","3,12",F,PÉCRESSE,Valérie,6987,"6,04","7,93",M,POUTOU,Philippe,650,"0,56","0,74",M,DUPONT-AIGNAN,Nicolas,1547,"1,34","1,76"
16,Charente,Complet,257608,59909,"23,26",197699,"76,74",3293,"1,28","1,67",1740,"0,68","0,88",192666,"74,79","97,45",F,ARTHAUD,Nathalie,1319,"0,51","0,68",M,ROUSSEL,Fabien,5374,"2,09","2,79",M,MACRON,Emmanuel,53126,"20,62","27,57",M,LASSALLE,Jean,8482,"3,29","4,4",F,LE PEN,Marine,50432,"19,58","26,18",M,ZEMMOUR,Éric,10617,"4,12","5,51",M,MÉLENCHON,Jean-Luc,37305,"14,48","19,36",F,HIDALGO,Anne,4003,"1,55","2,08",M,JADOT,Yannick,7557,"2,93","3,92",F,PÉCRESSE,Valérie,8343,"3,24","4,33",M,POUTOU,Philippe,1763,"0,68","0,92",M,DUPONT-AIGNAN,Nicolas,4345,"1,69","2,26"
17,Charente-Maritime,Complet,519202,116437,"22,43",402765,"77,57",5918,"1,14","1,47",2780,"0,54","0,69",394067,"75,9","97,84",F,ARTHAUD,Nathalie,2330,"0,45","0,59",M,ROUSSEL,Fabien,10002,"1,93","2,54",M,MACRON,Emmanuel,113753,"21,91","28,87",M,LASSALLE,Jean,14335,"2,76","3,64",F,LE PEN,Marine,99790,"19,22","25,32",M,ZEMMOUR,Éric,24347,"4,69","6,18",M,MÉLENCHON,Jean-Luc,71633,"13,8","18,18",F,HIDALGO,Anne,6857,"1,32","1,74",M,JADOT,Yannick,19012,"3,66","4,82",F,PÉCRESSE,Valérie,19316,"3,72","4,9",M,POUTOU,Philippe,3403,"0,66","0,86",M,DUPONT-AIGNAN,Nicolas,9289,"1,79","2,36"
18,Cher,Complet,224570,59808,"26,63",164762,"73,37",3146,"1,4","1,91",1083,"0,48","0,66",160533,"71,48","97,43",F,ARTHAUD,Nathalie,1304,"0,58","0,81",M,ROUSSEL,Fabien,5749,"2,56","3,58",M,MACRON,Emmanuel,43497,"19,37","27,1",M,LASSALLE,Jean,5495,"2,45","3,42",F,LE PEN,Marine,44772,"19,94","27,89",M,ZEMMOUR,Éric,10822,"4,82","6,74",M,MÉLENCHON,Jean-Luc,27901,"12,42","17,38",F,HIDALGO,Anne,2585,"1,15","1,61",M,JADOT,Yannick,5028,"2,24","3,13",F,PÉCRESSE,Valérie,8147,"3,63","5,07",M,POUTOU,Philippe,1463,"0,65","0,91",M,DUPONT-AIGNAN,Nicolas,3770,"1,68","2,35"
19,Corrèze,Complet,185032,38430,"20,77",146602,"79,23",2517,"1,36","1,72",1485,"0,8","1,01",142600,"77,07","97,27",F,ARTHAUD,Nathalie,885,"0,48","0,62",M,ROUSSEL,Fabien,6292,"3,4","4,41",M,MACRON,Emmanuel,33125,"17,9","23,23",M,LASSALLE,Jean,10177,"5,5","7,14",F,LE PEN,Marine,31658,"17,11","22,2",M,ZEMMOUR,Éric,8012,"4,33","5,62",M,MÉLENCHON,Jean-Luc,27731,"14,99","19,45",F,HIDALGO,Anne,3605,"1,95","2,53",M,JADOT,Yannick,5040,"2,72","3,53",F,PÉCRESSE,Valérie,12278,"6,64","8,61",M,POUTOU,Philippe,1179,"0,64","0,83",M,DUPONT-AIGNAN,Nicolas,2618,"1,41","1,84"
2A,Corse-du-Sud,Complet,113918,42366,"37,19",71552,"62,81",1130,"0,99","1,58",1561,"1,37","2,18",68861,"60,45","96,24",F,ARTHAUD,Nathalie,197,"0,17","0,29",M,ROUSSEL,Fabien,1850,"1,62","2,69",M,MACRON,Emmanuel,12932,"11,35","18,78",M,LASSALLE,Jean,6729,"5,91","9,77",F,LE PEN,Marine,20139,"17,68","29,25",M,ZEMMOUR,Éric,9199,"8,08","13,36",M,MÉLENCHON,Jean-Luc,9330,"8,19","13,55",F,HIDALGO,Anne,624,"0,55","0,91",M,JADOT,Yannick,2266,"1,99","3,29",F,PÉCRESSE,Valérie,3772,"3,31","5,48",M,POUTOU,Philippe,608,"0,53","0,88",M,DUPONT-AIGNAN,Nicolas,1215,"1,07","1,76"
2B,Haute-Corse,Complet,129114,48263,"37,38",80851,"62,62",1463,"1,13","1,81",877,"0,68","1,08",78511,"60,81","97,11",F,ARTHAUD,Nathalie,257,"0,2","0,33",M,ROUSSEL,Fabien,2687,"2,08","3,42",M,MACRON,Emmanuel,13773,"10,67","17,54",M,LASSALLE,Jean,8601,"6,66","10,96",F,LE PEN,Marine,21998,"17,04","28,02",M,ZEMMOUR,Éric,9657,"7,48","12,3",M,MÉLENCHON,Jean-Luc,10368,"8,03","13,21",F,HIDALGO,Anne,959,"0,74","1,22",M,JADOT,Yannick,2520,"1,95","3,21",F,PÉCRESSE,Valérie,5555,"4,3","7,08",M,POUTOU,Philippe,762,"0,59","0,97",M,DUPONT-AIGNAN,Nicolas,1374,"1,06","1,75"
21,Côte-d'Or,Complet,366859,77886,"21,23",288973,"78,77",4577,"1,25","1,58",1651,"0,45","0,57",282745,"77,07","97,84",F,ARTHAUD,Nathalie,1775,"0,48","0,63",M,ROUSSEL,Fabien,5721,"1,56","2,02",M,MACRON,Emmanuel,80734,"22,01","28,55",M,LASSALLE,Jean,8183,"2,23","2,89",F,LE PEN,Marine,69110,"18,84","24,44",M,ZEMMOUR,Éric,21651,"5,9","7,66",M,MÉLENCHON,Jean-Luc,53875,"14,69","19,05",F,HIDALGO,Anne,5126,"1,4","1,81",M,JADOT,Yannick,13462,"3,67","4,76",F,PÉCRESSE,Valérie,14344,"3,91","5,07",M,POUTOU,Philippe,2286,"0,62","0,81",M,DUPONT-AIGNAN,Nicolas,6478,"1,77","2,29"
22,Côtes-d'Armor,Complet,471752,96597,"20,48",375155,"79,52",5722,"1,21","1,53",3040,"0,64","0,81",366393,"77,67","97,66",F,ARTHAUD,Nathalie,2603,"0,55","0,71",M,ROUSSEL,Fabien,11628,"2,46","3,17",M,MACRON,Emmanuel,113656,"24,09","31,02",M,LASSALLE,Jean,11949,"2,53","3,26",F,LE PEN,Marine,79850,"16,93","21,79",M,ZEMMOUR,Éric,17319,"3,67","4,73",M,MÉLENCHON,Jean-Luc,74226,"15,73","20,26",F,HIDALGO,Anne,8279,"1,75","2,26",M,JADOT,Yannick,19349,"4,1","5,28",F,PÉCRESSE,Valérie,17235,"3,65","4,7",M,POUTOU,Philippe,3895,"0,83","1,06",M,DUPONT-AIGNAN,Nicolas,6404,"1,36","1,75"
23,Creuse,Complet,90946,21967,"24,15",68979,"75,85",1388,"1,53","2,01",743,"0,82","1,08",66848,"73,5","96,91",F,ARTHAUD,Nathalie,490,"0,54","0,73",M,ROUSSEL,Fabien,2430,"2,67","3,64",M,MACRON,Emmanuel,15542,"17,09","23,25",M,LASSALLE,Jean,4275,"4,7","6,4",F,LE PEN,Marine,16772,"18,44","25,09",M,ZEMMOUR,Éric,3501,"3,85","5,24",M,MÉLENCHON,Jean-Luc,13679,"15,04","20,46",F,HIDALGO,Anne,1641,"1,8","2,45",M,JADOT,Yannick,1906,"2,1","2,85",F,PÉCRESSE,Valérie,4391,"4,83","6,57",M,POUTOU,Philippe,665,"0,73","0,99",M,DUPONT-AIGNAN,Nicolas,1556,"1,71","2,33"
24,Dordogne,Complet,318168,64856,"20,38",253312,"79,62",3636,"1,14","1,44",3120,"0,98","1,23",246556,"77,49","97,33",F,ARTHAUD,Nathalie,1294,"0,41","0,52",M,ROUSSEL,Fabien,8855,"2,78","3,59",M,MACRON,Emmanuel,58532,"18,4","23,74",M,LASSALLE,Jean,15850,"4,98","6,43",F,LE PEN,Marine,63327,"19,9","25,68",M,ZEMMOUR,Éric,15800,"4,97","6,41",M,MÉLENCHON,Jean-Luc,50054,"15,73","20,3",F,HIDALGO,Anne,5362,"1,69","2,17",M,JADOT,Yannick,8563,"2,69","3,47",F,PÉCRESSE,Valérie,11280,"3,55","4,58",M,POUTOU,Philippe,2223,"0,7","0,9",M,DUPONT-AIGNAN,Nicolas,5416,"1,7","2,2"
25,Doubs,Complet,368379,84117,"22,83",284262,"77,17",4989,"1,35","1,76",2176,"0,59","0,77",277097,"75,22","97,48",F,ARTHAUD,Nathalie,2069,"0,56","0,75",M,ROUSSEL,Fabien,5001,"1,36","1,8",M,MACRON,Emmanuel,76338,"20,72","27,55",M,LASSALLE,Jean,8688,"2,36","3,14",F,LE PEN,Marine,66703,"18,11","24,07",M,ZEMMOUR,Éric,19486,"5,29","7,03",M,MÉLENCHON,Jean-Luc,55587,"15,09","20,06",F,HIDALGO,Anne,4902,"1,33","1,77",M,JADOT,Yannick,13096,"3,56","4,73",F,PÉCRESSE,Valérie,15107,"4,1","5,45",M,POUTOU,Philippe,2345,"0,64","0,85",M,DUPONT-AIGNAN,Nicolas,7775,"2,11","2,81"
26,Drôme,Complet,382188,84289,"22,05",297899,"77,95",4577,"1,2","1,54",1898,"0,5","0,64",291424,"76,25","97,83",F,ARTHAUD,Nathalie,2041,"0,53","0,7",M,ROUSSEL,Fabien,6752,"1,77","2,32",M,MACRON,Emmanuel,72228,"18,9","24,78",M,LASSALLE,Jean,9945,"2,6","3,41",F,LE PEN,Marine,70574,"18,47","24,22",M,ZEMMOUR,Éric,22010,"5,76","7,55",M,MÉLENCHON,Jean-Luc,65258,"17,07","22,39",F,HIDALGO,Anne,5311,"1,39","1,82",M,JADOT,Yannick,14234,"3,72","4,88",F,PÉCRESSE,Valérie,13204,"3,45","4,53",M,POUTOU,Philippe,2109,"0,55","0,72",M,DUPONT-AIGNAN,Nicolas,7758,"2,03","2,66"
27,Eure,Complet,432198,106463,"24,63",325735,"75,37",5085,"1,18","1,56",1789,"0,41","0,55",318861,"73,78","97,89",F,ARTHAUD,Nathalie,2197,"0,51","0,69",M,ROUSSEL,Fabien,7056,"1,63","2,21",M,MACRON,Emmanuel,83058,"19,22","26,05",M,LASSALLE,Jean,7768,"1,8","2,44",F,LE PEN,Marine,102952,"23,82","32,29",M,ZEMMOUR,Éric,20930,"4,84","6,56",M,MÉLENCHON,Jean-Luc,55571,"12,86","17,43",F,HIDALGO,Anne,4027,"0,93","1,26",M,JADOT,Yannick,11477,"2,66","3,6",F,PÉCRESSE,Valérie,13552,"3,14","4,25",M,POUTOU,Philippe,2710,"0,63","0,85",M,DUPONT-AIGNAN,Nicolas,7563,"1,75","2,37"
28,Eure-et-Loir,Complet,303888,78960,"25,98",224928,"74,02",3489,"1,15","1,55",1418,"0,47","0,63",220021,"72,4","97,82",F,ARTHAUD,Nathalie,1419,"0,47","0,64",M,ROUSSEL,Fabien,4267,"1,4","1,94",M,MACRON,Emmanuel,59869,"19,7","27,21",M,LASSALLE,Jean,5694,"1,87","2,59",F,LE PEN,Marine,61960,"20,39","28,16",M,ZEMMOUR,Éric,14803,"4,87","6,73",M,MÉLENCHON,Jean-Luc,40529,"13,34","18,42",F,HIDALGO,Anne,3076,"1,01","1,4",M,JADOT,Yannick,7904,"2,6","3,59",F,PÉCRESSE,Valérie,13003,"4,28","5,91",M,POUTOU,Philippe,1766,"0,58","0,8",M,DUPONT-AIGNAN,Nicolas,5731,"1,89","2,6"
29,Finistère,Complet,709701,154870,"21,82",554831,"78,18",8692,"1,22","1,57",3220,"0,45","0,58",542919,"76,5","97,85",F,ARTHAUD,Nathalie,3627,"0,51","0,67",M,ROUSSEL,Fabien,15340,"2,16","2,83",M,MACRON,Emmanuel,174894,"24,64","32,21",M,LASSALLE,Jean,18320,"2,58","3,37",F,LE PEN,Marine,100890,"14,22","18,58",M,ZEMMOUR,Éric,25607,"3,61","4,72",M,MÉLENCHON,Jean-Luc,116591,"16,43","21,47",F,HIDALGO,Anne,13077,"1,84","2,41",M,JADOT,Yannick,33200,"4,68","6,12",F,PÉCRESSE,Valérie,26541,"3,74","4,89",M,POUTOU,Philippe,6266,"0,88","1,15",M,DUPONT-AIGNAN,Nicolas,8566,"1,21","1,58"
30,Gard,Complet,555038,132723,"23,91",422315,"76,09",5840,"1,05","1,38",2496,"0,45","0,59",413979,"74,59","98,03",F,ARTHAUD,Nathalie,1768,"0,32","0,43",M,ROUSSEL,Fabien,12123,"2,18","2,93",M,MACRON,Emmanuel,88278,"15,9","21,32",M,LASSALLE,Jean,15162,"2,73","3,66",F,LE PEN,Marine,121480,"21,89","29,34",M,ZEMMOUR,Éric,38479,"6,93","9,29",M,MÉLENCHON,Jean-Luc,88827,16,"21,46",F,HIDALGO,Anne,6585,"1,19","1,59",M,JADOT,Yannick,14974,"2,7","3,62",F,PÉCRESSE,Valérie,15460,"2,79","3,73",M,POUTOU,Philippe,2706,"0,49","0,65",M,DUPONT-AIGNAN,Nicolas,8137,"1,47","1,97"
31,Haute-Garonne,Complet,930321,183366,"19,71",746955,"80,29",10129,"1,09","1,36",5847,"0,63","0,78",730979,"78,57","97,86",F,ARTHAUD,Nathalie,3006,"0,32","0,41",M,ROUSSEL,Fabien,16307,"1,75","2,23",M,MACRON,Emmanuel,196712,"21,14","26,91",M,LASSALLE,Jean,35479,"3,81","4,85",F,LE PEN,Marine,133254,"14,32","18,23",M,ZEMMOUR,Éric,50613,"5,44","6,92",M,MÉLENCHON,Jean-Luc,188867,"20,3","25,84",F,HIDALGO,Anne,19658,"2,11","2,69",M,JADOT,Yannick,42599,"4,58","5,83",F,PÉCRESSE,Valérie,27153,"2,92","3,71",M,POUTOU,Philippe,4888,"0,53","0,67",M,DUPONT-AIGNAN,Nicolas,12443,"1,34","1,7"
32,Gers,Complet,147278,28267,"19,19",119011,"80,81",1762,"1,2","1,48",850,"0,58","0,71",116399,"79,03","97,81",F,ARTHAUD,Nathalie,529,"0,36","0,45",M,ROUSSEL,Fabien,3128,"2,12","2,69",M,MACRON,Emmanuel,28970,"19,67","24,89",M,LASSALLE,Jean,11720,"7,96","10,07",F,LE PEN,Marine,26015,"17,66","22,35",M,ZEMMOUR,Éric,8396,"5,7","7,21",M,MÉLENCHON,Jean-Luc,21353,"14,5","18,34",F,HIDALGO,Anne,3861,"2,62","3,32",M,JADOT,Yannick,4090,"2,78","3,51",F,PÉCRESSE,Valérie,5126,"3,48","4,4",M,POUTOU,Philippe,793,"0,54","0,68",M,DUPONT-AIGNAN,Nicolas,2418,"1,64","2,08"
33,Gironde,Complet,1158548,249014,"21,49",909534,"78,51",12367,"1,07","1,36",5147,"0,44","0,57",892020,"76,99","98,07",F,ARTHAUD,Nathalie,3679,"0,32","0,41",M,ROUSSEL,Fabien,21522,"1,86","2,41",M,MACRON,Emmanuel,256179,"22,11","28,72",M,LASSALLE,Jean,37725,"3,26","4,23",F,LE PEN,Marine,191542,"16,53","21,47",M,ZEMMOUR,Éric,58321,"5,03","6,54",M,MÉLENCHON,Jean-Luc,194775,"16,81","21,84",F,HIDALGO,Anne,19598,"1,69","2,2",M,JADOT,Yannick,46677,"4,03","5,23",F,PÉCRESSE,Valérie,37575,"3,24","4,21",M,POUTOU,Philippe,8734,"0,75","0,98",M,DUPONT-AIGNAN,Nicolas,15693,"1,35","1,76"
34,Hérault,Complet,847365,195766,"23,1",651599,"76,9",8867,"1,05","1,36",4004,"0,47","0,61",638728,"75,38","98,02",F,ARTHAUD,Nathalie,2580,"0,3","0,4",M,ROUSSEL,Fabien,14165,"1,67","2,22",M,MACRON,Emmanuel,142306,"16,79","22,28",M,LASSALLE,Jean,22068,"2,6","3,45",F,LE PEN,Marine,165734,"19,56","25,95",M,ZEMMOUR,Éric,57751,"6,82","9,04",M,MÉLENCHON,Jean-Luc,154819,"18,27","24,24",F,HIDALGO,Anne,12150,"1,43","1,9",M,JADOT,Yannick,28057,"3,31","4,39",F,PÉCRESSE,Valérie,23230,"2,74","3,64",M,POUTOU,Philippe,4393,"0,52","0,69",M,DUPONT-AIGNAN,Nicolas,11475,"1,35","1,8"
35,Ille-et-Vilaine,Complet,771636,161427,"20,92",610209,"79,08",9511,"1,23","1,56",3866,"0,5","0,63",596832,"77,35","97,81",F,ARTHAUD,Nathalie,3783,"0,49","0,63",M,ROUSSEL,Fabien,12696,"1,65","2,13",M,MACRON,Emmanuel,205882,"26,68","34,5",M,LASSALLE,Jean,13985,"1,81","2,34",F,LE PEN,Marine,101797,"13,19","17,06",M,ZEMMOUR,Éric,27463,"3,56","4,6",M,MÉLENCHON,Jean-Luc,132510,"17,17","22,2",F,HIDALGO,Anne,13973,"1,81","2,34",M,JADOT,Yannick,42613,"5,52","7,14",F,PÉCRESSE,Valérie,26194,"3,39","4,39",M,POUTOU,Philippe,5376,"0,7","0,9",M,DUPONT-AIGNAN,Nicolas,10560,"1,37","1,77"
36,Indre,Complet,166100,41406,"24,93",124694,"75,07",2451,"1,48","1,97",1246,"0,75",1,120997,"72,85","97,04",F,ARTHAUD,Nathalie,1085,"0,65","0,9",M,ROUSSEL,Fabien,3702,"2,23","3,06",M,MACRON,Emmanuel,31498,"18,96","26,03",M,LASSALLE,Jean,4984,3,"4,12",F,LE PEN,Marine,34516,"20,78","28,53",M,ZEMMOUR,Éric,7438,"4,48","6,15",M,MÉLENCHON,Jean-Luc,20954,"12,62","17,32",F,HIDALGO,Anne,2464,"1,48","2,04",M,JADOT,Yannick,3726,"2,24","3,08",F,PÉCRESSE,Valérie,6589,"3,97","5,45",M,POUTOU,Philippe,1155,"0,7","0,95",M,DUPONT-AIGNAN,Nicolas,2886,"1,74","2,39"
37,Indre-et-Loire,Complet,440502,105536,"23,96",334966,"76,04",5437,"1,23","1,62",2039,"0,46","0,61",327490,"74,34","97,77",F,ARTHAUD,Nathalie,2243,"0,51","0,68",M,ROUSSEL,Fabien,7835,"1,78","2,39",M,MACRON,Emmanuel,101503,"23,04","30,99",M,LASSALLE,Jean,8520,"1,93","2,6",F,LE PEN,Marine,70553,"16,02","21,54",M,ZEMMOUR,Éric,19931,"4,52","6,09",M,MÉLENCHON,Jean-Luc,68012,"15,44","20,77",F,HIDALGO,Anne,6216,"1,41","1,9",M,JADOT,Yannick,16245,"3,69","4,96",F,PÉCRESSE,Valérie,16279,"3,7","4,97",M,POUTOU,Philippe,2882,"0,65","0,88",M,DUPONT-AIGNAN,Nicolas,7271,"1,65","2,22"
38,Isère,Complet,885440,198676,"22,44",686764,"77,56",10990,"1,24","1,6",3478,"0,39","0,51",672296,"75,93","97,89",F,ARTHAUD,Nathalie,3479,"0,39","0,52",M,ROUSSEL,Fabien,14694,"1,66","2,19",M,MACRON,Emmanuel,180533,"20,39","26,85",M,LASSALLE,Jean,17025,"1,92","2,53",F,LE PEN,Marine,154799,"17,48","23,03",M,ZEMMOUR,Éric,47450,"5,36","7,06",M,MÉLENCHON,Jean-Luc,153474,"17,33","22,83",F,HIDALGO,Anne,12736,"1,44","1,89",M,JADOT,Yannick,40378,"4,56","6,01",F,PÉCRESSE,Valérie,28575,"3,23","4,25",M,POUTOU,Philippe,4826,"0,55","0,72",M,DUPONT-AIGNAN,Nicolas,14327,"1,62","2,13"
39,Jura,Complet,190597,41634,"21,84",148963,"78,16",2625,"1,38","1,76",1111,"0,58","0,75",145227,"76,2","97,49",F,ARTHAUD,Nathalie,1053,"0,55","0,73",M,ROUSSEL,Fabien,3166,"1,66","2,18",M,MACRON,Emmanuel,36139,"18,96","24,88",M,LASSALLE,Jean,6218,"3,26","4,28",F,LE PEN,Marine,38179,"20,03","26,29",M,ZEMMOUR,Éric,9657,"5,07","6,65",M,MÉLENCHON,Jean-Luc,28882,"15,15","19,89",F,HIDALGO,Anne,2635,"1,38","1,81",M,JADOT,Yannick,6388,"3,35","4,4",F,PÉCRESSE,Valérie,7424,"3,9","5,11",M,POUTOU,Philippe,1343,"0,7","0,92",M,DUPONT-AIGNAN,Nicolas,4143,"2,17","2,85"
40,Landes,Complet,329337,65654,"19,94",263683,"80,06",4033,"1,22","1,53",1600,"0,49","0,61",258050,"78,35","97,86",F,ARTHAUD,Nathalie,1115,"0,34","0,43",M,ROUSSEL,Fabien,8176,"2,48","3,17",M,MACRON,Emmanuel,69459,"21,09","26,92",M,LASSALLE,Jean,24308,"7,38","9,42",F,LE PEN,Marine,58646,"17,81","22,73",M,ZEMMOUR,Éric,16817,"5,11","6,52",M,MÉLENCHON,Jean-Luc,44548,"13,53","17,26",F,HIDALGO,Anne,9071,"2,75","3,52",M,JADOT,Yannick,8628,"2,62","3,34",F,PÉCRESSE,Valérie,10393,"3,16","4,03",M,POUTOU,Philippe,1975,"0,6","0,77",M,DUPONT-AIGNAN,Nicolas,4914,"1,49","1,9"
41,Loir-et-Cher,Complet,244718,59350,"24,25",185368,"75,75",3181,"1,3","1,72",1377,"0,56","0,74",180810,"73,89","97,54",F,ARTHAUD,Nathalie,1246,"0,51","0,69",M,ROUSSEL,Fabien,4507,"1,84","2,49",M,MACRON,Emmanuel,50480,"20,63","27,92",M,LASSALLE,Jean,5483,"2,24","3,03",F,LE PEN,Marine,50212,"20,52","27,77",M,ZEMMOUR,Éric,12703,"5,19","7,03",M,MÉLENCHON,Jean-Luc,30377,"12,41","16,8",F,HIDALGO,Anne,3165,"1,29","1,75",M,JADOT,Yannick,7097,"2,9","3,93",F,PÉCRESSE,Valérie,9586,"3,92","5,3",M,POUTOU,Philippe,1527,"0,62","0,84",M,DUPONT-AIGNAN,Nicolas,4427,"1,81","2,45"
42,Loire,Complet,513794,118592,"23,08",395202,"76,92",6664,"1,3","1,69",2600,"0,51","0,66",385938,"75,12","97,66",F,ARTHAUD,Nathalie,2390,"0,47","0,62",M,ROUSSEL,Fabien,9017,"1,75","2,34",M,MACRON,Emmanuel,104003,"20,24","26,95",M,LASSALLE,Jean,11928,"2,32","3,09",F,LE PEN,Marine,97764,"19,03","25,33",M,ZEMMOUR,Éric,28706,"5,59","7,44",M,MÉLENCHON,Jean-Luc,78169,"15,21","20,25",F,HIDALGO,Anne,6970,"1,36","1,81",M,JADOT,Yannick,16656,"3,24","4,32",F,PÉCRESSE,Valérie,18539,"3,61","4,8",M,POUTOU,Philippe,2767,"0,54","0,72",M,DUPONT-AIGNAN,Nicolas,9029,"1,76","2,34"
43,Haute-Loire,Complet,180706,37000,"20,48",143706,"79,52",2837,"1,57","1,97",1214,"0,67","0,84",139655,"77,28","97,18",F,ARTHAUD,Nathalie,1020,"0,56","0,73",M,ROUSSEL,Fabien,3493,"1,93","2,5",M,MACRON,Emmanuel,32417,"17,94","23,21",M,LASSALLE,Jean,7817,"4,33","5,6",F,LE PEN,Marine,38629,"21,38","27,66",M,ZEMMOUR,Éric,9529,"5,27","6,82",M,MÉLENCHON,Jean-Luc,24332,"13,46","17,42",F,HIDALGO,Anne,2491,"1,38","1,78",M,JADOT,Yannick,5796,"3,21","4,15",F,PÉCRESSE,Valérie,9560,"5,29","6,85",M,POUTOU,Philippe,1205,"0,67","0,86",M,DUPONT-AIGNAN,Nicolas,3366,"1,86","2,41"
44,Loire-Atlantique,Complet,1056693,236339,"22,37",820354,"77,63",13373,"1,27","1,63",4559,"0,43","0,56",802422,"75,94","97,81",F,ARTHAUD,Nathalie,4712,"0,45","0,59",M,ROUSSEL,Fabien,18322,"1,73","2,28",M,MACRON,Emmanuel,256609,"24,28","31,98",M,LASSALLE,Jean,18298,"1,73","2,28",F,LE PEN,Marine,135702,"12,84","16,91",M,ZEMMOUR,Éric,42761,"4,05","5,33",M,MÉLENCHON,Jean-Luc,187977,"17,79","23,43",F,HIDALGO,Anne,18369,"1,74","2,29",M,JADOT,Yannick,60072,"5,68","7,49",F,PÉCRESSE,Valérie,37541,"3,55","4,68",M,POUTOU,Philippe,7280,"0,69","0,91",M,DUPONT-AIGNAN,Nicolas,14779,"1,4","1,84"
45,Loiret,Complet,457550,114468,"25,02",343082,"74,98",5512,"1,2","1,61",2148,"0,47","0,63",335422,"73,31","97,77",F,ARTHAUD,Nathalie,1959,"0,43","0,58",M,ROUSSEL,Fabien,7530,"1,65","2,24",M,MACRON,Emmanuel,97004,"21,2","28,92",M,LASSALLE,Jean,8483,"1,85","2,53",F,LE PEN,Marine,85832,"18,76","25,59",M,ZEMMOUR,Éric,22878,5,"6,82",M,MÉLENCHON,Jean-Luc,63486,"13,88","18,93",F,HIDALGO,Anne,5656,"1,24","1,69",M,JADOT,Yannick,14401,"3,15","4,29",F,PÉCRESSE,Valérie,18086,"3,95","5,39",M,POUTOU,Philippe,2433,"0,53","0,73",M,DUPONT-AIGNAN,Nicolas,7674,"1,68","2,29"
46,Lot,Complet,139278,27164,"19,5",112114,"80,5",1767,"1,27","1,58",957,"0,69","0,85",109390,"78,54","97,57",F,ARTHAUD,Nathalie,618,"0,44","0,56",M,ROUSSEL,Fabien,3559,"2,56","3,25",M,MACRON,Emmanuel,27311,"19,61","24,97",M,LASSALLE,Jean,8032,"5,77","7,34",F,LE PEN,Marine,21422,"15,38","19,58",M,ZEMMOUR,Éric,6123,"4,4","5,6",M,MÉLENCHON,Jean-Luc,25932,"18,62","23,71",F,HIDALGO,Anne,2766,"1,99","2,53",M,JADOT,Yannick,4603,"3,3","4,21",F,PÉCRESSE,Valérie,5648,"4,06","5,16",M,POUTOU,Philippe,976,"0,7","0,89",M,DUPONT-AIGNAN,Nicolas,2400,"1,72","2,19"
47,Lot-et-Garonne,Complet,241304,52907,"21,93",188397,"78,07",2793,"1,16","1,48",1502,"0,62","0,8",184102,"76,29","97,72",F,ARTHAUD,Nathalie,889,"0,37","0,48",M,ROUSSEL,Fabien,4970,"2,06","2,7",M,MACRON,Emmanuel,42568,"17,64","23,12",M,LASSALLE,Jean,13600,"5,64","7,39",F,LE PEN,Marine,50290,"20,84","27,32",M,ZEMMOUR,Éric,15646,"6,48","8,5",M,MÉLENCHON,Jean-Luc,34044,"14,11","18,49",F,HIDALGO,Anne,3357,"1,39","1,82",M,JADOT,Yannick,5686,"2,36","3,09",F,PÉCRESSE,Valérie,7703,"3,19","4,18",M,POUTOU,Philippe,1437,"0,6","0,78",M,DUPONT-AIGNAN,Nicolas,3912,"1,62","2,12"
48,Lozère,Complet,59812,11680,"19,53",48132,"80,47",741,"1,24","1,54",395,"0,66","0,82",46996,"78,57","97,64",F,ARTHAUD,Nathalie,235,"0,39","0,5",M,ROUSSEL,Fabien,1343,"2,25","2,86",M,MACRON,Emmanuel,10739,"17,95","22,85",M,LASSALLE,Jean,4722,"7,89","10,05",F,LE PEN,Marine,10497,"17,55","22,34",M,ZEMMOUR,Éric,3148,"5,26","6,7",M,MÉLENCHON,Jean-Luc,9153,"15,3","19,48",F,HIDALGO,Anne,1045,"1,75","2,22",M,JADOT,Yannick,1736,"2,9","3,69",F,PÉCRESSE,Valérie,3039,"5,08","6,47",M,POUTOU,Philippe,426,"0,71","0,91",M,DUPONT-AIGNAN,Nicolas,913,"1,53","1,94"
49,Maine-et-Loire,Complet,589263,136866,"23,23",452397,"76,77",8072,"1,37","1,78",2983,"0,51","0,66",441342,"74,9","97,56",F,ARTHAUD,Nathalie,3071,"0,52","0,7",M,ROUSSEL,Fabien,8362,"1,42","1,89",M,MACRON,Emmanuel,157063,"26,65","35,59",M,LASSALLE,Jean,11036,"1,87","2,5",F,LE PEN,Marine,89433,"15,18","20,26",M,ZEMMOUR,Éric,21704,"3,68","4,92",M,MÉLENCHON,Jean-Luc,80616,"13,68","18,27",F,HIDALGO,Anne,8801,"1,49","1,99",M,JADOT,Yannick,26635,"4,52","6,04",F,PÉCRESSE,Valérie,21538,"3,66","4,88",M,POUTOU,Philippe,3663,"0,62","0,83",M,DUPONT-AIGNAN,Nicolas,9420,"1,6","2,13"
50,Manche,Complet,384613,93460,"24,3",291153,"75,7",4747,"1,23","1,63",1948,"0,51","0,67",284458,"73,96","97,7",F,ARTHAUD,Nathalie,2249,"0,58","0,79",M,ROUSSEL,Fabien,7368,"1,92","2,59",M,MACRON,Emmanuel,92642,"24,09","32,57",M,LASSALLE,Jean,9421,"2,45","3,31",F,LE PEN,Marine,69770,"18,14","24,53",M,ZEMMOUR,Éric,13990,"3,64","4,92",M,MÉLENCHON,Jean-Luc,46940,"12,2","16,5",F,HIDALGO,Anne,5853,"1,52","2,06",M,JADOT,Yannick,11873,"3,09","4,17",F,PÉCRESSE,Valérie,14746,"3,83","5,18",M,POUTOU,Philippe,2720,"0,71","0,96",M,DUPONT-AIGNAN,Nicolas,6886,"1,79","2,42"
51,Marne,Complet,380644,101010,"26,54",279634,"73,46",3826,"1,01","1,37",1702,"0,45","0,61",274106,"72,01","98,02",F,ARTHAUD,Nathalie,1778,"0,47","0,65",M,ROUSSEL,Fabien,5307,"1,39","1,94",M,MACRON,Emmanuel,78472,"20,62","28,63",M,LASSALLE,Jean,6921,"1,82","2,52",F,LE PEN,Marine,83756,22,"30,56",M,ZEMMOUR,Éric,19501,"5,12","7,11",M,MÉLENCHON,Jean-Luc,42858,"11,26","15,64",F,HIDALGO,Anne,3542,"0,93","1,29",M,JADOT,Yannick,9561,"2,51","3,49",F,PÉCRESSE,Valérie,14357,"3,77","5,24",M,POUTOU,Philippe,1894,"0,5","0,69",M,DUPONT-AIGNAN,Nicolas,6159,"1,62","2,25"
52,Haute-Marne,Complet,129389,33273,"25,72",96116,"74,28",1489,"1,15","1,55",819,"0,63","0,85",93808,"72,5","97,6",F,ARTHAUD,Nathalie,696,"0,54","0,74",M,ROUSSEL,Fabien,1833,"1,42","1,95",M,MACRON,Emmanuel,21886,"16,91","23,33",M,LASSALLE,Jean,3327,"2,57","3,55",F,LE PEN,Marine,34331,"26,53","36,6",M,ZEMMOUR,Éric,6450,"4,98","6,88",M,MÉLENCHON,Jean-Luc,13228,"10,22","14,1",F,HIDALGO,Anne,1305,"1,01","1,39",M,JADOT,Yannick,2580,"1,99","2,75",F,PÉCRESSE,Valérie,4841,"3,74","5,16",M,POUTOU,Philippe,747,"0,58","0,8",M,DUPONT-AIGNAN,Nicolas,2584,2,"2,75"
53,Mayenne,Complet,224722,52812,"23,5",171910,"76,5",3483,"1,55","2,03",1519,"0,68","0,88",166908,"74,27","97,09",F,ARTHAUD,Nathalie,1273,"0,57","0,76",M,ROUSSEL,Fabien,3313,"1,47","1,98",M,MACRON,Emmanuel,60755,"27,04","36,4",M,LASSALLE,Jean,4673,"2,08","2,8",F,LE PEN,Marine,37376,"16,63","22,39",M,ZEMMOUR,Éric,8042,"3,58","4,82",M,MÉLENCHON,Jean-Luc,25608,"11,4","15,34",F,HIDALGO,Anne,3468,"1,54","2,08",M,JADOT,Yannick,7934,"3,53","4,75",F,PÉCRESSE,Valérie,9236,"4,11","5,53",M,POUTOU,Philippe,1372,"0,61","0,82",M,DUPONT-AIGNAN,Nicolas,3858,"1,72","2,31"
54,Meurthe-et-Moselle,Complet,492057,130919,"26,61",361138,"73,39",5092,"1,03","1,41",2246,"0,46","0,62",353800,"71,9","97,97",F,ARTHAUD,Nathalie,2373,"0,48","0,67",M,ROUSSEL,Fabien,7961,"1,62","2,25",M,MACRON,Emmanuel,95252,"19,36","26,92",M,LASSALLE,Jean,8739,"1,78","2,47",F,LE PEN,Marine,97243,"19,76","27,49",M,ZEMMOUR,Éric,23518,"4,78","6,65",M,MÉLENCHON,Jean-Luc,73892,"15,02","20,89",F,HIDALGO,Anne,6362,"1,29","1,8",M,JADOT,Yannick,14588,"2,96","4,12",F,PÉCRESSE,Valérie,13387,"2,72","3,78",M,POUTOU,Philippe,3214,"0,65","0,91",M,DUPONT-AIGNAN,Nicolas,7271,"1,48","2,06"
55,Meuse,Complet,134805,34092,"25,29",100713,"74,71",1509,"1,12","1,5",691,"0,51","0,69",98513,"73,08","97,82",F,ARTHAUD,Nathalie,702,"0,52","0,71",M,ROUSSEL,Fabien,1957,"1,45","1,99",M,MACRON,Emmanuel,24539,"18,2","24,91",M,LASSALLE,Jean,3500,"2,6","3,55",F,LE PEN,Marine,34588,"25,66","35,11",M,ZEMMOUR,Éric,7347,"5,45","7,46",M,MÉLENCHON,Jean-Luc,13559,"10,06","13,76",F,HIDALGO,Anne,1483,"1,1","1,51",M,JADOT,Yannick,3130,"2,32","3,18",F,PÉCRESSE,Valérie,4403,"3,27","4,47",M,POUTOU,Philippe,883,"0,66","0,9",M,DUPONT-AIGNAN,Nicolas,2422,"1,8","2,46"
56,Morbihan,Complet,608972,130520,"21,43",478452,"78,57",7959,"1,31","1,66",3119,"0,51","0,65",467374,"76,75","97,68",F,ARTHAUD,Nathalie,2952,"0,48","0,63",M,ROUSSEL,Fabien,11529,"1,89","2,47",M,MACRON,Emmanuel,152740,"25,08","32,68",M,LASSALLE,Jean,14399,"2,36","3,08",F,LE PEN,Marine,102856,"16,89","22,01",M,ZEMMOUR,Éric,26595,"4,37","5,69",M,MÉLENCHON,Jean-Luc,84200,"13,83","18,02",F,HIDALGO,Anne,8267,"1,36","1,77",M,JADOT,Yannick,27036,"4,44","5,78",F,PÉCRESSE,Valérie,22838,"3,75","4,89",M,POUTOU,Philippe,4376,"0,72","0,94",M,DUPONT-AIGNAN,Nicolas,9586,"1,57","2,05"
57,Moselle,Complet,745914,210299,"28,19",535615,"71,81",7943,"1,06","1,48",3353,"0,45","0,63",524319,"70,29","97,89",F,ARTHAUD,Nathalie,3499,"0,47","0,67",M,ROUSSEL,Fabien,8750,"1,17","1,67",M,MACRON,Emmanuel,136366,"18,28","26,01",M,LASSALLE,Jean,14163,"1,9","2,7",F,LE PEN,Marine,159254,"21,35","30,37",M,ZEMMOUR,Éric,39369,"5,28","7,51",M,MÉLENCHON,Jean-Luc,100159,"13,43","19,1",F,HIDALGO,Anne,7534,"1,01","1,44",M,JADOT,Yannick,18931,"2,54","3,61",F,PÉCRESSE,Valérie,19300,"2,59","3,68",M,POUTOU,Philippe,4343,"0,58","0,83",M,DUPONT-AIGNAN,Nicolas,12651,"1,7","2,41"
58,Nièvre,Complet,154186,38850,"25,2",115336,"74,8",1957,"1,27","1,7",938,"0,61","0,81",112441,"72,93","97,49",F,ARTHAUD,Nathalie,833,"0,54","0,74",M,ROUSSEL,Fabien,4281,"2,78","3,81",M,MACRON,Emmanuel,28686,"18,6","25,51",M,LASSALLE,Jean,4106,"2,66","3,65",F,LE PEN,Marine,32838,"21,3","29,2",M,ZEMMOUR,Éric,7378,"4,79","6,56",M,MÉLENCHON,Jean-Luc,19930,"12,93","17,72",F,HIDALGO,Anne,2160,"1,4","1,92",M,JADOT,Yannick,3552,"2,3","3,16",F,PÉCRESSE,Valérie,5172,"3,35","4,6",M,POUTOU,Philippe,1010,"0,66","0,9",M,DUPONT-AIGNAN,Nicolas,2495,"1,62","2,22"
59,Nord,Complet,1813906,514033,"28,34",1299873,"71,66",17416,"0,96","1,34",7676,"0,42","0,59",1274781,"70,28","98,07",F,ARTHAUD,Nathalie,7673,"0,42","0,6",M,ROUSSEL,Fabien,45902,"2,53","3,6",M,MACRON,Emmanuel,336138,"18,53","26,37",M,LASSALLE,Jean,22459,"1,24","1,76",F,LE PEN,Marine,373127,"20,57","29,27",M,ZEMMOUR,Éric,73168,"4,03","5,74",M,MÉLENCHON,Jean-Luc,279785,"15,42","21,95",F,HIDALGO,Anne,18215,1,"1,43",M,JADOT,Yannick,46962,"2,59","3,68",F,PÉCRESSE,Valérie,42470,"2,34","3,33",M,POUTOU,Philippe,8265,"0,46","0,65",M,DUPONT-AIGNAN,Nicolas,20617,"1,14","1,62"
60,Oise,Complet,564121,142081,"25,19",422040,"74,81",6324,"1,12","1,5",4002,"0,71","0,95",411714,"72,98","97,55",F,ARTHAUD,Nathalie,2859,"0,51","0,69",M,ROUSSEL,Fabien,9054,"1,6","2,2",M,MACRON,Emmanuel,100043,"17,73","24,3",M,LASSALLE,Jean,9179,"1,63","2,23",F,LE PEN,Marine,132873,"23,55","32,27",M,ZEMMOUR,Éric,30333,"5,38","7,37",M,MÉLENCHON,Jean-Luc,79446,"14,08","19,3",F,HIDALGO,Anne,4251,"0,75","1,03",M,JADOT,Yannick,13785,"2,44","3,35",F,PÉCRESSE,Valérie,17450,"3,09","4,24",M,POUTOU,Philippe,3048,"0,54","0,74",M,DUPONT-AIGNAN,Nicolas,9393,"1,67","2,28"
61,Orne,Complet,205538,50935,"24,78",154603,"75,22",2586,"1,26","1,67",1067,"0,52","0,69",150950,"73,44","97,64",F,ARTHAUD,Nathalie,1203,"0,59","0,8",M,ROUSSEL,Fabien,3261,"1,59","2,16",M,MACRON,Emmanuel,46005,"22,38","30,48",M,LASSALLE,Jean,4895,"2,38","3,24",F,LE PEN,Marine,41804,"20,34","27,69",M,ZEMMOUR,Éric,8910,"4,33","5,9",M,MÉLENCHON,Jean-Luc,22993,"11,19","15,23",F,HIDALGO,Anne,2368,"1,15","1,57",M,JADOT,Yannick,5513,"2,68","3,65",F,PÉCRESSE,Valérie,8838,"4,3","5,85",M,POUTOU,Philippe,1334,"0,65","0,88",M,DUPONT-AIGNAN,Nicolas,3826,"1,86","2,53"
62,Pas-de-Calais,Complet,1093723,286319,"26,18",807404,"73,82",10601,"0,97","1,31",6150,"0,56","0,76",790653,"72,29","97,93",F,ARTHAUD,Nathalie,5887,"0,54","0,74",M,ROUSSEL,Fabien,26146,"2,39","3,31",M,MACRON,Emmanuel,194610,"17,79","24,61",M,LASSALLE,Jean,17010,"1,56","2,15",F,LE PEN,Marine,305816,"27,96","38,68",M,ZEMMOUR,Éric,40764,"3,73","5,16",M,MÉLENCHON,Jean-Luc,124741,"11,41","15,78",F,HIDALGO,Anne,11619,"1,06","1,47",M,JADOT,Yannick,19295,"1,76","2,44",F,PÉCRESSE,Valérie,25307,"2,31","3,2",M,POUTOU,Philippe,5488,"0,5","0,69",M,DUPONT-AIGNAN,Nicolas,13970,"1,28","1,77"
63,Puy-de-Dôme,Complet,468103,100869,"21,55",367234,"78,45",6938,"1,48","1,89",2709,"0,58","0,74",357587,"76,39","97,37",F,ARTHAUD,Nathalie,2556,"0,55","0,71",M,ROUSSEL,Fabien,12713,"2,72","3,56",M,MACRON,Emmanuel,100134,"21,39",28,M,LASSALLE,Jean,16136,"3,45","4,51",F,LE PEN,Marine,78182,"16,7","21,86",M,ZEMMOUR,Éric,20624,"4,41","5,77",M,MÉLENCHON,Jean-Luc,74534,"15,92","20,84",F,HIDALGO,Anne,8216,"1,76","2,3",M,JADOT,Yannick,17029,"3,64","4,76",F,PÉCRESSE,Valérie,17352,"3,71","4,85",M,POUTOU,Philippe,3189,"0,68","0,89",M,DUPONT-AIGNAN,Nicolas,6922,"1,48","1,94"
64,Pyrénées-Atlantiques,Complet,519929,110134,"21,18",409795,"78,82",5816,"1,12","1,42",2489,"0,48","0,61",401490,"77,22","97,97",F,ARTHAUD,Nathalie,1677,"0,32","0,42",M,ROUSSEL,Fabien,10170,"1,96","2,53",M,MACRON,Emmanuel,111610,"21,47","27,8",M,LASSALLE,Jean,48246,"9,28","12,02",F,LE PEN,Marine,69768,"13,42","17,38",M,ZEMMOUR,Éric,25877,"4,98","6,45",M,MÉLENCHON,Jean-Luc,76030,"14,62","18,94",F,HIDALGO,Anne,9276,"1,78","2,31",M,JADOT,Yannick,19967,"3,84","4,97",F,PÉCRESSE,Valérie,17166,"3,3","4,28",M,POUTOU,Philippe,4982,"0,96","1,24",M,DUPONT-AIGNAN,Nicolas,6721,"1,29","1,67"
65,Hautes-Pyrénées,Complet,177443,39595,"22,31",137848,"77,69",2064,"1,16","1,5",896,"0,5","0,65",134888,"76,02","97,85",F,ARTHAUD,Nathalie,636,"0,36","0,47",M,ROUSSEL,Fabien,4539,"2,56","3,37",M,MACRON,Emmanuel,33692,"18,99","24,98",M,LASSALLE,Jean,14761,"8,32","10,94",F,LE PEN,Marine,29938,"16,87","22,19",M,ZEMMOUR,Éric,8714,"4,91","6,46",M,MÉLENCHON,Jean-Luc,26449,"14,91","19,61",F,HIDALGO,Anne,3315,"1,87","2,46",M,JADOT,Yannick,4872,"2,75","3,61",F,PÉCRESSE,Valérie,4560,"2,57","3,38",M,POUTOU,Philippe,1003,"0,57","0,74",M,DUPONT-AIGNAN,Nicolas,2409,"1,36","1,79"
66,Pyrénées-Orientales,Complet,362076,87704,"24,22",274372,"75,78",3528,"0,97","1,29",2276,"0,63","0,83",268568,"74,17","97,88",F,ARTHAUD,Nathalie,1312,"0,36","0,49",M,ROUSSEL,Fabien,6509,"1,8","2,42",M,MACRON,Emmanuel,55169,"15,24","20,54",M,LASSALLE,Jean,11690,"3,23","4,35",F,LE PEN,Marine,87930,"24,28","32,74",M,ZEMMOUR,Éric,24782,"6,84","9,23",M,MÉLENCHON,Jean-Luc,51556,"14,24","19,2",F,HIDALGO,Anne,5013,"1,38","1,87",M,JADOT,Yannick,8588,"2,37","3,2",F,PÉCRESSE,Valérie,8815,"2,43","3,28",M,POUTOU,Philippe,1995,"0,55","0,74",M,DUPONT-AIGNAN,Nicolas,5209,"1,44","1,94"
67,Bas-Rhin,Complet,778712,190224,"24,43",588488,"75,57",8335,"1,07","1,42",3434,"0,44","0,58",576719,"74,06",98,F,ARTHAUD,Nathalie,3687,"0,47","0,64",M,ROUSSEL,Fabien,7015,"0,9","1,22",M,MACRON,Emmanuel,177069,"22,74","30,7",M,LASSALLE,Jean,14652,"1,88","2,54",F,LE PEN,Marine,145883,"18,73","25,3",M,ZEMMOUR,Éric,40458,"5,2","7,02",M,MÉLENCHON,Jean-Luc,105055,"13,49","18,22",F,HIDALGO,Anne,8348,"1,07","1,45",M,JADOT,Yannick,28573,"3,67","4,95",F,PÉCRESSE,Valérie,24812,"3,19","4,3",M,POUTOU,Philippe,4158,"0,53","0,72",M,DUPONT-AIGNAN,Nicolas,17009,"2,18","2,95"
68,Haut-Rhin,Complet,531738,137861,"25,93",393877,"74,07",6382,"1,2","1,62",2386,"0,45","0,61",385109,"72,42","97,77",F,ARTHAUD,Nathalie,2265,"0,43","0,59",M,ROUSSEL,Fabien,4649,"0,87","1,21",M,MACRON,Emmanuel,107248,"20,17","27,85",M,LASSALLE,Jean,11063,"2,08","2,87",F,LE PEN,Marine,106937,"20,11","27,77",M,ZEMMOUR,Éric,30284,"5,7","7,86",M,MÉLENCHON,Jean-Luc,66238,"12,46","17,2",F,HIDALGO,Anne,4881,"0,92","1,27",M,JADOT,Yannick,18963,"3,57","4,92",F,PÉCRESSE,Valérie,15994,"3,01","4,15",M,POUTOU,Philippe,2842,"0,53","0,74",M,DUPONT-AIGNAN,Nicolas,13745,"2,58","3,57"
69,Rhône,Complet,1181226,255580,"21,64",925646,"78,36",12708,"1,08","1,37",3925,"0,33","0,42",909013,"76,96","98,2",F,ARTHAUD,Nathalie,3774,"0,32","0,42",M,ROUSSEL,Fabien,15938,"1,35","1,75",M,MACRON,Emmanuel,278243,"23,56","30,61",M,LASSALLE,Jean,17572,"1,49","1,93",F,LE PEN,Marine,150463,"12,74","16,55",M,ZEMMOUR,Éric,74168,"6,28","8,16",M,MÉLENCHON,Jean-Luc,229036,"19,39","25,2",F,HIDALGO,Anne,15895,"1,35","1,75",M,JADOT,Yannick,51907,"4,39","5,71",F,PÉCRESSE,Valérie,50263,"4,26","5,53",M,POUTOU,Philippe,5267,"0,45","0,58",M,DUPONT-AIGNAN,Nicolas,16487,"1,4","1,81"
70,Haute-Saône,Complet,177715,39039,"21,97",138676,"78,03",2364,"1,33","1,7",1573,"0,89","1,13",134739,"75,82","97,16",F,ARTHAUD,Nathalie,1171,"0,66","0,87",M,ROUSSEL,Fabien,2836,"1,6","2,1",M,MACRON,Emmanuel,30204,17,"22,42",M,LASSALLE,Jean,4820,"2,71","3,58",F,LE PEN,Marine,46618,"26,23","34,6",M,ZEMMOUR,Éric,9675,"5,44","7,18",M,MÉLENCHON,Jean-Luc,21089,"11,87","15,65",F,HIDALGO,Anne,2345,"1,32","1,74",M,JADOT,Yannick,4292,"2,42","3,19",F,PÉCRESSE,Valérie,6754,"3,8","5,01",M,POUTOU,Philippe,1295,"0,73","0,96",M,DUPONT-AIGNAN,Nicolas,3640,"2,05","2,7"
71,Saône-et-Loire,Complet,402992,95369,"23,67",307623,"76,33",5923,"1,47","1,93",2400,"0,6","0,78",299300,"74,27","97,29",F,ARTHAUD,Nathalie,1979,"0,49","0,66",M,ROUSSEL,Fabien,7419,"1,84","2,48",M,MACRON,Emmanuel,82633,"20,5","27,61",M,LASSALLE,Jean,10186,"2,53","3,4",F,LE PEN,Marine,81970,"20,34","27,39",M,ZEMMOUR,Éric,20686,"5,13","6,91",M,MÉLENCHON,Jean-Luc,52336,"12,99","17,49",F,HIDALGO,Anne,6037,"1,5","2,02",M,JADOT,Yannick,10730,"2,66","3,59",F,PÉCRESSE,Valérie,15210,"3,77","5,08",M,POUTOU,Philippe,2369,"0,59","0,79",M,DUPONT-AIGNAN,Nicolas,7745,"1,92","2,59"
72,Sarthe,Complet,411308,105454,"25,64",305854,"74,36",6694,"1,63","2,19",2098,"0,51","0,69",297062,"72,22","97,13",F,ARTHAUD,Nathalie,2150,"0,52","0,72",M,ROUSSEL,Fabien,6908,"1,68","2,33",M,MACRON,Emmanuel,83876,"20,39","28,24",M,LASSALLE,Jean,7546,"1,83","2,54",F,LE PEN,Marine,82234,"19,99","27,68",M,ZEMMOUR,Éric,16218,"3,94","5,46",M,MÉLENCHON,Jean-Luc,54244,"13,19","18,26",F,HIDALGO,Anne,5409,"1,32","1,82",M,JADOT,Yannick,13541,"3,29","4,56",F,PÉCRESSE,Valérie,15937,"3,87","5,36",M,POUTOU,Philippe,2505,"0,61","0,84",M,DUPONT-AIGNAN,Nicolas,6494,"1,58","2,19"
73,Savoie,Complet,320709,68929,"21,49",251780,"78,51",3931,"1,23","1,56",1491,"0,46","0,59",246358,"76,82","97,85",F,ARTHAUD,Nathalie,1205,"0,38","0,49",M,ROUSSEL,Fabien,5536,"1,73","2,25",M,MACRON,Emmanuel,64689,"20,17","26,26",M,LASSALLE,Jean,8081,"2,52","3,28",F,LE PEN,Marine,56733,"17,69","23,03",M,ZEMMOUR,Éric,18045,"5,63","7,32",M,MÉLENCHON,Jean-Luc,49858,"15,55","20,24",F,HIDALGO,Anne,4418,"1,38","1,79",M,JADOT,Yannick,15642,"4,88","6,35",F,PÉCRESSE,Valérie,13608,"4,24","5,52",M,POUTOU,Philippe,1849,"0,58","0,75",M,DUPONT-AIGNAN,Nicolas,6694,"2,09","2,72"
74,Haute-Savoie,Complet,565665,129384,"22,87",436281,"77,13",6918,"1,22","1,59",2224,"0,39","0,51",427139,"75,51","97,9",F,ARTHAUD,Nathalie,1880,"0,33","0,44",M,ROUSSEL,Fabien,5997,"1,06","1,4",M,MACRON,Emmanuel,130422,"23,06","30,53",M,LASSALLE,Jean,13371,"2,36","3,13",F,LE PEN,Marine,87744,"15,51","20,54",M,ZEMMOUR,Éric,33353,"5,9","7,81",M,MÉLENCHON,Jean-Luc,78062,"13,8","18,28",F,HIDALGO,Anne,6606,"1,17","1,55",M,JADOT,Yannick,29948,"5,29","7,01",F,PÉCRESSE,Valérie,22349,"3,95","5,23",M,POUTOU,Philippe,3232,"0,57","0,76",M,DUPONT-AIGNAN,Nicolas,14175,"2,51","3,32"
75,Paris,Complet,1368025,296668,"21,69",1071357,"78,31",11028,"0,81","1,03",5267,"0,39","0,49",1055062,"77,12","98,48",F,ARTHAUD,Nathalie,2891,"0,21","0,27",M,ROUSSEL,Fabien,17267,"1,26","1,64",M,MACRON,Emmanuel,372820,"27,25","35,34",M,LASSALLE,Jean,12139,"0,89","1,15",F,LE PEN,Marine,58429,"4,27","5,54",M,ZEMMOUR,Éric,86088,"6,29","8,16",M,MÉLENCHON,Jean-Luc,317372,"23,2","30,08",F,HIDALGO,Anne,22901,"1,67","2,17",M,JADOT,Yannick,80268,"5,87","7,61",F,PÉCRESSE,Valérie,69564,"5,08","6,59",M,POUTOU,Philippe,5732,"0,42","0,54",M,DUPONT-AIGNAN,Nicolas,9591,"0,7","0,91"
76,Seine-Maritime,Complet,879252,222147,"25,27",657105,"74,73",10982,"1,25","1,67",3158,"0,36","0,48",642965,"73,13","97,85",F,ARTHAUD,Nathalie,4433,"0,5","0,69",M,ROUSSEL,Fabien,19896,"2,26","3,09",M,MACRON,Emmanuel,179698,"20,44","27,95",M,LASSALLE,Jean,13588,"1,55","2,11",F,LE PEN,Marine,177806,"20,22","27,65",M,ZEMMOUR,Éric,33361,"3,79","5,19",M,MÉLENCHON,Jean-Luc,136136,"15,48","21,17",F,HIDALGO,Anne,11139,"1,27","1,73",M,JADOT,Yannick,24785,"2,82","3,85",F,PÉCRESSE,Valérie,24281,"2,76","3,78",M,POUTOU,Philippe,5477,"0,62","0,85",M,DUPONT-AIGNAN,Nicolas,12365,"1,41","1,92"
77,Seine-et-Marne,Complet,899303,223172,"24,82",676131,"75,18",11057,"1,23","1,64",4145,"0,46","0,61",660929,"73,49","97,75",F,ARTHAUD,Nathalie,3440,"0,38","0,52",M,ROUSSEL,Fabien,12843,"1,43","1,94",M,MACRON,Emmanuel,165208,"18,37",25,M,LASSALLE,Jean,13797,"1,53","2,09",F,LE PEN,Marine,155738,"17,32","23,56",M,ZEMMOUR,Éric,47893,"5,33","7,25",M,MÉLENCHON,Jean-Luc,170969,"19,01","25,87",F,HIDALGO,Anne,7853,"0,87","1,19",M,JADOT,Yannick,26718,"2,97","4,04",F,PÉCRESSE,Valérie,36828,"4,1","5,57",M,POUTOU,Philippe,4600,"0,51","0,7",M,DUPONT-AIGNAN,Nicolas,15042,"1,67","2,28"
78,Yvelines,Complet,961245,211708,"22,02",749537,"77,98",9601,1,"1,28",3430,"0,36","0,46",736506,"76,62","98,26",F,ARTHAUD,Nathalie,2774,"0,29","0,38",M,ROUSSEL,Fabien,11721,"1,22","1,59",M,MACRON,Emmanuel,246062,"25,6","33,41",M,LASSALLE,Jean,13687,"1,42","1,86",F,LE PEN,Marine,101398,"10,55","13,77",M,ZEMMOUR,Éric,64407,"6,7","8,74",M,MÉLENCHON,Jean-Luc,168585,"17,54","22,89",F,HIDALGO,Anne,9046,"0,94","1,23",M,JADOT,Yannick,40470,"4,21","5,49",F,PÉCRESSE,Valérie,61296,"6,38","8,32",M,POUTOU,Philippe,3963,"0,41","0,54",M,DUPONT-AIGNAN,Nicolas,13097,"1,36","1,78"
79,Deux-Sèvres,Complet,273214,59403,"21,74",213811,"78,26",3839,"1,41","1,8",2168,"0,79","1,01",207804,"76,06","97,19",F,ARTHAUD,Nathalie,1644,"0,6","0,79",M,ROUSSEL,Fabien,4538,"1,66","2,18",M,MACRON,Emmanuel,68446,"25,05","32,94",M,LASSALLE,Jean,7014,"2,57","3,38",F,LE PEN,Marine,47903,"17,53","23,05",M,ZEMMOUR,Éric,8803,"3,22","4,24",M,MÉLENCHON,Jean-Luc,39120,"14,32","18,83",F,HIDALGO,Anne,4340,"1,59","2,09",M,JADOT,Yannick,10074,"3,69","4,85",F,PÉCRESSE,Valérie,9257,"3,39","4,45",M,POUTOU,Philippe,2134,"0,78","1,03",M,DUPONT-AIGNAN,Nicolas,4531,"1,66","2,18"
80,Somme,Complet,410056,102687,"25,04",307369,"74,96",4837,"1,18","1,57",3614,"0,88","1,18",298918,"72,9","97,25",F,ARTHAUD,Nathalie,2486,"0,61","0,83",M,ROUSSEL,Fabien,7706,"1,88","2,58",M,MACRON,Emmanuel,83107,"20,27","27,8",M,LASSALLE,Jean,7371,"1,8","2,47",F,LE PEN,Marine,98024,"23,91","32,79",M,ZEMMOUR,Éric,16885,"4,12","5,65",M,MÉLENCHON,Jean-Luc,52343,"12,76","17,51",F,HIDALGO,Anne,3746,"0,91","1,25",M,JADOT,Yannick,8048,"1,96","2,69",F,PÉCRESSE,Valérie,11380,"2,78","3,81",M,POUTOU,Philippe,2206,"0,54","0,74",M,DUPONT-AIGNAN,Nicolas,5616,"1,37","1,88"
81,Tarn,Complet,298178,62818,"21,07",235360,"78,93",3451,"1,16","1,47",2067,"0,69","0,88",229842,"77,08","97,66",F,ARTHAUD,Nathalie,1175,"0,39","0,51",M,ROUSSEL,Fabien,5313,"1,78","2,31",M,MACRON,Emmanuel,53925,"18,08","23,46",M,LASSALLE,Jean,17010,"5,7","7,4",F,LE PEN,Marine,56543,"18,96","24,6",M,ZEMMOUR,Éric,15982,"5,36","6,95",M,MÉLENCHON,Jean-Luc,48430,"16,24","21,07",F,HIDALGO,Anne,5818,"1,95","2,53",M,JADOT,Yannick,8680,"2,91","3,78",F,PÉCRESSE,Valérie,10014,"3,36","4,36",M,POUTOU,Philippe,1829,"0,61","0,8",M,DUPONT-AIGNAN,Nicolas,5123,"1,72","2,23"
82,Tarn-et-Garonne,Complet,188706,39625,21,149081,79,2169,"1,15","1,45",1092,"0,58","0,73",145820,"77,27","97,81",F,ARTHAUD,Nathalie,679,"0,36","0,47",M,ROUSSEL,Fabien,3628,"1,92","2,49",M,MACRON,Emmanuel,31737,"16,82","21,76",M,LASSALLE,Jean,9573,"5,07","6,56",F,LE PEN,Marine,42183,"22,35","28,93",M,ZEMMOUR,Éric,11772,"6,24","8,07",M,MÉLENCHON,Jean-Luc,27881,"14,77","19,12",F,HIDALGO,Anne,3069,"1,63","2,1",M,JADOT,Yannick,4835,"2,56","3,32",F,PÉCRESSE,Valérie,5994,"3,18","4,11",M,POUTOU,Philippe,1057,"0,56","0,72",M,DUPONT-AIGNAN,Nicolas,3412,"1,81","2,34"
83,Var,Complet,820904,211212,"25,73",609692,"74,27",7803,"0,95","1,28",3159,"0,38","0,52",598730,"72,94","98,2",F,ARTHAUD,Nathalie,2098,"0,26","0,35",M,ROUSSEL,Fabien,10672,"1,3","1,78",M,MACRON,Emmanuel,142335,"17,34","23,77",M,LASSALLE,Jean,17784,"2,17","2,97",F,LE PEN,Marine,183287,"22,33","30,61",M,ZEMMOUR,Éric,79329,"9,66","13,25",M,MÉLENCHON,Jean-Luc,89272,"10,87","14,91",F,HIDALGO,Anne,5703,"0,69","0,95",M,JADOT,Yannick,21044,"2,56","3,51",F,PÉCRESSE,Valérie,28342,"3,45","4,73",M,POUTOU,Philippe,3578,"0,44","0,6",M,DUPONT-AIGNAN,Nicolas,15286,"1,86","2,55"
84,Vaucluse,Complet,411607,101650,"24,7",309957,"75,3",4350,"1,06","1,4",1742,"0,42","0,56",303865,"73,82","98,03",F,ARTHAUD,Nathalie,1221,"0,3","0,4",M,ROUSSEL,Fabien,6247,"1,52","2,06",M,MACRON,Emmanuel,66885,"16,25","22,01",M,LASSALLE,Jean,9843,"2,39","3,24",F,LE PEN,Marine,89413,"21,72","29,43",M,ZEMMOUR,Éric,30473,"7,4","10,03",M,MÉLENCHON,Jean-Luc,63049,"15,32","20,75",F,HIDALGO,Anne,3769,"0,92","1,24",M,JADOT,Yannick,12128,"2,95","3,99",F,PÉCRESSE,Valérie,11918,"2,9","3,92",M,POUTOU,Philippe,2023,"0,49","0,67",M,DUPONT-AIGNAN,Nicolas,6896,"1,68","2,27"
85,Vendée,Complet,550963,120547,"21,88",430416,"78,12",7312,"1,33","1,7",3395,"0,62","0,79",419709,"76,18","97,51",F,ARTHAUD,Nathalie,2647,"0,48","0,63",M,ROUSSEL,Fabien,8153,"1,48","1,94",M,MACRON,Emmanuel,149587,"27,15","35,64",M,LASSALLE,Jean,13039,"2,37","3,11",F,LE PEN,Marine,97280,"17,66","23,18",M,ZEMMOUR,Éric,25663,"4,66","6,11",M,MÉLENCHON,Jean-Luc,60524,"10,99","14,42",F,HIDALGO,Anne,7244,"1,31","1,73",M,JADOT,Yannick,19753,"3,59","4,71",F,PÉCRESSE,Valérie,22534,"4,09","5,37",M,POUTOU,Philippe,3621,"0,66","0,86",M,DUPONT-AIGNAN,Nicolas,9664,"1,75","2,3"
86,Vienne,Complet,306011,68304,"22,32",237707,"77,68",4053,"1,32","1,71",2002,"0,65","0,84",231652,"75,7","97,45",F,ARTHAUD,Nathalie,1715,"0,56","0,74",M,ROUSSEL,Fabien,6412,"2,1","2,77",M,MACRON,Emmanuel,67831,"22,17","29,28",M,LASSALLE,Jean,7741,"2,53","3,34",F,LE PEN,Marine,54214,"17,72","23,4",M,ZEMMOUR,Éric,11939,"3,9","5,15",M,MÉLENCHON,Jean-Luc,49162,"16,07","21,22",F,HIDALGO,Anne,4542,"1,48","1,96",M,JADOT,Yannick,10727,"3,51","4,63",F,PÉCRESSE,Valérie,9959,"3,25","4,3",M,POUTOU,Philippe,2315,"0,76",1,M,DUPONT-AIGNAN,Nicolas,5095,"1,66","2,2"
87,Haute-Vienne,Complet,263742,55484,"21,04",208258,"78,96",3787,"1,44","1,82",2353,"0,89","1,13",202118,"76,63","97,05",F,ARTHAUD,Nathalie,1457,"0,55","0,72",M,ROUSSEL,Fabien,8030,"3,04","3,97",M,MACRON,Emmanuel,54951,"20,84","27,19",M,LASSALLE,Jean,9973,"3,78","4,93",F,LE PEN,Marine,45357,"17,2","22,44",M,ZEMMOUR,Éric,10796,"4,09","5,34",M,MÉLENCHON,Jean-Luc,43137,"16,36","21,34",F,HIDALGO,Anne,5654,"2,14","2,8",M,JADOT,Yannick,7877,"2,99","3,9",F,PÉCRESSE,Valérie,9544,"3,62","4,72",M,POUTOU,Philippe,1787,"0,68","0,88",M,DUPONT-AIGNAN,Nicolas,3555,"1,35","1,76"
88,Vosges,Complet,277913,68914,"24,8",208999,"75,2",3431,"1,23","1,64",1874,"0,67","0,9",203694,"73,29","97,46",F,ARTHAUD,Nathalie,1569,"0,56","0,77",M,ROUSSEL,Fabien,3847,"1,38","1,89",M,MACRON,Emmanuel,51432,"18,51","25,25",M,LASSALLE,Jean,7203,"2,59","3,54",F,LE PEN,Marine,65646,"23,62","32,23",M,ZEMMOUR,Éric,13184,"4,74","6,47",M,MÉLENCHON,Jean-Luc,32655,"11,75","16,03",F,HIDALGO,Anne,3114,"1,12","1,53",M,JADOT,Yannick,7562,"2,72","3,71",F,PÉCRESSE,Valérie,9344,"3,36","4,59",M,POUTOU,Philippe,1986,"0,71","0,97",M,DUPONT-AIGNAN,Nicolas,6152,"2,21","3,02"
89,Yonne,Complet,237957,57549,"24,18",180408,"75,82",2715,"1,14","1,5",1182,"0,5","0,66",176511,"74,18","97,84",F,ARTHAUD,Nathalie,1203,"0,51","0,68",M,ROUSSEL,Fabien,4023,"1,69","2,28",M,MACRON,Emmanuel,42617,"17,91","24,14",M,LASSALLE,Jean,5356,"2,25","3,03",F,LE PEN,Marine,55164,"23,18","31,25",M,ZEMMOUR,Éric,12941,"5,44","7,33",M,MÉLENCHON,Jean-Luc,31601,"13,28","17,9",F,HIDALGO,Anne,2286,"0,96","1,3",M,JADOT,Yannick,5917,"2,49","3,35",F,PÉCRESSE,Valérie,9322,"3,92","5,28",M,POUTOU,Philippe,1487,"0,62","0,84",M,DUPONT-AIGNAN,Nicolas,4594,"1,93","2,6"
90,Territoire de Belfort,Complet,93724,22238,"23,73",71486,"76,27",1242,"1,33","1,74",590,"0,63","0,83",69654,"74,32","97,44",F,ARTHAUD,Nathalie,560,"0,6","0,8",M,ROUSSEL,Fabien,1485,"1,58","2,13",M,MACRON,Emmanuel,16768,"17,89","24,07",M,LASSALLE,Jean,2000,"2,13","2,87",F,LE PEN,Marine,19061,"20,34","27,37",M,ZEMMOUR,Éric,5583,"5,96","8,02",M,MÉLENCHON,Jean-Luc,14601,"15,58","20,96",F,HIDALGO,Anne,1052,"1,12","1,51",M,JADOT,Yannick,2798,"2,99","4,02",F,PÉCRESSE,Valérie,3322,"3,54","4,77",M,POUTOU,Philippe,603,"0,64","0,87",M,DUPONT-AIGNAN,Nicolas,1821,"1,94","2,61"
91,Essonne,Complet,799500,192200,"24,04",607300,"75,96",8954,"1,12","1,47",3405,"0,43","0,56",594941,"74,41","97,96",F,ARTHAUD,Nathalie,2831,"0,35","0,48",M,ROUSSEL,Fabien,13480,"1,69","2,27",M,MACRON,Emmanuel,164503,"20,58","27,65",M,LASSALLE,Jean,11610,"1,45","1,95",F,LE PEN,Marine,105862,"13,24","17,79",M,ZEMMOUR,Éric,39284,"4,91","6,6",M,MÉLENCHON,Jean-Luc,167310,"20,93","28,12",F,HIDALGO,Anne,7944,"0,99","1,34",M,JADOT,Yannick,29562,"3,7","4,97",F,PÉCRESSE,Valérie,33046,"4,13","5,55",M,POUTOU,Philippe,4306,"0,54","0,72",M,DUPONT-AIGNAN,Nicolas,15203,"1,9","2,56"
92,Hauts-de-Seine,Complet,997667,208790,"20,93",788877,"79,07",11841,"1,19","1,5",2294,"0,23","0,29",774742,"77,66","98,21",F,ARTHAUD,Nathalie,2306,"0,23","0,3",M,ROUSSEL,Fabien,13170,"1,32","1,7",M,MACRON,Emmanuel,287494,"28,82","37,11",M,LASSALLE,Jean,11260,"1,13","1,45",F,LE PEN,Marine,64812,"6,5","8,37",M,ZEMMOUR,Éric,62761,"6,29","8,1",M,MÉLENCHON,Jean-Luc,199640,"20,01","25,77",F,HIDALGO,Anne,10518,"1,05","1,36",M,JADOT,Yannick,47103,"4,72","6,08",F,PÉCRESSE,Valérie,62231,"6,24","8,03",M,POUTOU,Philippe,3704,"0,37","0,48",M,DUPONT-AIGNAN,Nicolas,9743,"0,98","1,26"
93,Seine-Saint-Denis,Complet,793929,239927,"30,22",554002,"69,78",7607,"0,96","1,37",3244,"0,41","0,59",543151,"68,41","98,04",F,ARTHAUD,Nathalie,2756,"0,35","0,51",M,ROUSSEL,Fabien,11642,"1,47","2,14",M,MACRON,Emmanuel,110118,"13,87","20,27",M,LASSALLE,Jean,6805,"0,86","1,25",F,LE PEN,Marine,64543,"8,13","11,88",M,ZEMMOUR,Éric,27969,"3,52","5,15",M,MÉLENCHON,Jean-Luc,266632,"33,58","49,09",F,HIDALGO,Anne,5890,"0,74","1,08",M,JADOT,Yannick,19352,"2,44","3,56",F,PÉCRESSE,Valérie,17481,"2,2","3,22",M,POUTOU,Philippe,3663,"0,46","0,67",M,DUPONT-AIGNAN,Nicolas,6300,"0,79","1,16"
94,Val-de-Marne,Complet,796086,195409,"24,55",600677,"75,45",8501,"1,07","1,42",3118,"0,39","0,52",589058,"73,99","98,07",F,ARTHAUD,Nathalie,2504,"0,31","0,43",M,ROUSSEL,Fabien,14954,"1,88","2,54",M,MACRON,Emmanuel,171409,"21,53","29,1",M,LASSALLE,Jean,8944,"1,12","1,52",F,LE PEN,Marine,69599,"8,74","11,82",M,ZEMMOUR,Éric,43430,"5,46","7,37",M,MÉLENCHON,Jean-Luc,192427,"24,17","32,67",F,HIDALGO,Anne,8276,"1,04","1,4",M,JADOT,Yannick,31904,"4,01","5,42",F,PÉCRESSE,Valérie,32522,"4,09","5,52",M,POUTOU,Philippe,3730,"0,47","0,63",M,DUPONT-AIGNAN,Nicolas,9359,"1,18","1,59"
95,Val-d'Oise,Complet,733529,192853,"26,29",540676,"73,71",8027,"1,09","1,48",3064,"0,42","0,57",529585,"72,2","97,95",F,ARTHAUD,Nathalie,2392,"0,33","0,45",M,ROUSSEL,Fabien,10060,"1,37","1,9",M,MACRON,Emmanuel,138166,"18,84","26,09",M,LASSALLE,Jean,9101,"1,24","1,72",F,LE PEN,Marine,91081,"12,42","17,2",M,ZEMMOUR,Éric,37564,"5,12","7,09",M,MÉLENCHON,Jean-Luc,175666,"23,95","33,17",F,HIDALGO,Anne,6094,"0,83","1,15",M,JADOT,Yannick,20710,"2,82","3,91",F,PÉCRESSE,Valérie,26403,"3,6","4,99",M,POUTOU,Philippe,3352,"0,46","0,63",M,DUPONT-AIGNAN,Nicolas,8996,"1,23","1,7"
ZA,Guadeloupe,Complet,316023,174592,"55,25",141431,"44,75",2719,"0,86","1,92",3627,"1,15","2,56",135085,"42,75","95,51",F,ARTHAUD,Nathalie,1084,"0,34","0,8",M,ROUSSEL,Fabien,668,"0,21","0,49",M,MACRON,Emmanuel,18137,"5,74","13,43",M,LASSALLE,Jean,1033,"0,33","0,76",F,LE PEN,Marine,24204,"7,66","17,92",M,ZEMMOUR,Éric,3098,"0,98","2,29",M,MÉLENCHON,Jean-Luc,75862,"24,01","56,16",F,HIDALGO,Anne,2266,"0,72","1,68",M,JADOT,Yannick,1927,"0,61","1,43",F,PÉCRESSE,Valérie,3979,"1,26","2,95",M,POUTOU,Philippe,713,"0,23","0,53",M,DUPONT-AIGNAN,Nicolas,2114,"0,67","1,56"
ZB,Martinique,Complet,304594,174588,"57,32",130006,"42,68",4001,"1,31","3,08",3056,1,"2,35",122949,"40,36","94,57",F,ARTHAUD,Nathalie,1447,"0,48","1,18",M,ROUSSEL,Fabien,747,"0,25","0,61",M,MACRON,Emmanuel,20043,"6,58","16,3",M,LASSALLE,Jean,1162,"0,38","0,95",F,LE PEN,Marine,16495,"5,42","13,42",M,ZEMMOUR,Éric,3153,"1,04","2,56",M,MÉLENCHON,Jean-Luc,65292,"21,44","53,1",F,HIDALGO,Anne,3935,"1,29","3,2",M,JADOT,Yannick,1978,"0,65","1,61",F,PÉCRESSE,Valérie,4731,"1,55","3,85",M,POUTOU,Philippe,977,"0,32","0,79",M,DUPONT-AIGNAN,Nicolas,2989,"0,98","2,43"
ZC,Guyane,Complet,102993,65754,"63,84",37239,"36,16",825,"0,8","2,22",553,"0,54","1,49",35861,"34,82","96,3",F,ARTHAUD,Nathalie,297,"0,29","0,83",M,ROUSSEL,Fabien,246,"0,24","0,69",M,MACRON,Emmanuel,5101,"4,95","14,22",M,LASSALLE,Jean,516,"0,5","1,44",F,LE PEN,Marine,6334,"6,15","17,66",M,ZEMMOUR,Éric,1573,"1,53","4,39",M,MÉLENCHON,Jean-Luc,18143,"17,62","50,59",F,HIDALGO,Anne,535,"0,52","1,49",M,JADOT,Yannick,940,"0,91","2,62",F,PÉCRESSE,Valérie,997,"0,97","2,78",M,POUTOU,Philippe,462,"0,45","1,29",M,DUPONT-AIGNAN,Nicolas,717,"0,7",2
ZD,La Réunion,Complet,675539,313159,"46,36",362380,"53,64",7361,"1,09","2,03",8253,"1,22","2,28",346766,"51,33","95,69",F,ARTHAUD,Nathalie,3538,"0,52","1,02",M,ROUSSEL,Fabien,3074,"0,46","0,89",M,MACRON,Emmanuel,62542,"9,26","18,04",M,LASSALLE,Jean,4844,"0,72","1,4",F,LE PEN,Marine,85770,"12,7","24,73",M,ZEMMOUR,Éric,13070,"1,93","3,77",M,MÉLENCHON,Jean-Luc,139604,"20,67","40,26",F,HIDALGO,Anne,5549,"0,82","1,6",M,JADOT,Yannick,7994,"1,18","2,31",F,PÉCRESSE,Valérie,9738,"1,44","2,81",M,POUTOU,Philippe,2705,"0,4","0,78",M,DUPONT-AIGNAN,Nicolas,8338,"1,23","2,4"
ZM,Mayotte,Complet,92187,55024,"59,69",37163,"40,31",922,1,"2,48",1191,"1,29","3,2",35050,"38,02","94,31",F,ARTHAUD,Nathalie,430,"0,47","1,23",M,ROUSSEL,Fabien,206,"0,22","0,59",M,MACRON,Emmanuel,5936,"6,44","16,94",M,LASSALLE,Jean,359,"0,39","1,02",F,LE PEN,Marine,14958,"16,23","42,68",M,ZEMMOUR,Éric,482,"0,52","1,38",M,MÉLENCHON,Jean-Luc,8398,"9,11","23,96",F,HIDALGO,Anne,318,"0,34","0,91",M,JADOT,Yannick,295,"0,32","0,84",F,PÉCRESSE,Valérie,2810,"3,05","8,02",M,POUTOU,Philippe,328,"0,36","0,94",M,DUPONT-AIGNAN,Nicolas,530,"0,57","1,51"
ZN,Nouvelle-Calédonie,Complet,218773,145807,"66,65",72966,"33,35",1777,"0,81","2,44",689,"0,31","0,94",70500,"32,23","96,62",F,ARTHAUD,Nathalie,565,"0,26","0,8",M,ROUSSEL,Fabien,399,"0,18","0,57",M,MACRON,Emmanuel,28561,"13,06","40,51",M,LASSALLE,Jean,1031,"0,47","1,46",F,LE PEN,Marine,13273,"6,07","18,83",M,ZEMMOUR,Éric,6435,"2,94","9,13",M,MÉLENCHON,Jean-Luc,9711,"4,44","13,77",F,HIDALGO,Anne,963,"0,44","1,37",M,JADOT,Yannick,2161,"0,99","3,07",F,PÉCRESSE,Valérie,4144,"1,89","5,88",M,POUTOU,Philippe,560,"0,26","0,79",M,DUPONT-AIGNAN,Nicolas,2697,"1,23","3,83"
ZP,Polynésie française,Complet,205576,142121,"69,13",63455,"30,87",1490,"0,72","2,35",1935,"0,94","3,05",60030,"29,2","94,6",F,ARTHAUD,Nathalie,808,"0,39","1,35",M,ROUSSEL,Fabien,368,"0,18","0,61",M,MACRON,Emmanuel,24106,"11,73","40,16",M,LASSALLE,Jean,610,"0,3","1,02",F,LE PEN,Marine,11705,"5,69","19,5",M,ZEMMOUR,Éric,4283,"2,08","7,13",M,MÉLENCHON,Jean-Luc,7990,"3,89","13,31",F,HIDALGO,Anne,865,"0,42","1,44",M,JADOT,Yannick,2150,"1,05","3,58",F,PÉCRESSE,Valérie,4725,"2,3","7,87",M,POUTOU,Philippe,451,"0,22","0,75",M,DUPONT-AIGNAN,Nicolas,1969,"0,96","3,28"
ZS,Saint-Pierre-et-Miquelon,Complet,5045,2272,"45,03",2773,"54,97",47,"0,93","1,69",25,"0,5","0,9",2701,"53,54","97,4",F,ARTHAUD,Nathalie,22,"0,44","0,81",M,ROUSSEL,Fabien,19,"0,38","0,7",M,MACRON,Emmanuel,534,"10,58","19,77",M,LASSALLE,Jean,108,"2,14",4,F,LE PEN,Marine,459,"9,1","16,99",M,ZEMMOUR,Éric,80,"1,59","2,96",M,MÉLENCHON,Jean-Luc,1105,"21,9","40,91",F,HIDALGO,Anne,75,"1,49","2,78",M,JADOT,Yannick,116,"2,3","4,29",F,PÉCRESSE,Valérie,51,"1,01","1,89",M,POUTOU,Philippe,50,"0,99","1,85",M,DUPONT-AIGNAN,Nicolas,82,"1,63","3,04"
ZW,Wallis et Futuna,Complet,9528,4125,"43,29",5403,"56,71",27,"0,28","0,5",17,"0,18","0,31",5359,"56,24","99,19",F,ARTHAUD,Nathalie,98,"1,03","1,83",M,ROUSSEL,Fabien,34,"0,36","0,63",M,MACRON,Emmanuel,2115,"22,2","39,47",M,LASSALLE,Jean,78,"0,82","1,46",F,LE PEN,Marine,579,"6,08","10,8",M,ZEMMOUR,Éric,118,"1,24","2,2",M,MÉLENCHON,Jean-Luc,501,"5,26","9,35",F,HIDALGO,Anne,118,"1,24","2,2",M,JADOT,Yannick,72,"0,76","1,34",F,PÉCRESSE,Valérie,1354,"14,21","25,27",M,POUTOU,Philippe,48,"0,5","0,9",M,DUPONT-AIGNAN,Nicolas,244,"2,56","4,55"
ZX,Saint-Martin/Saint-Barthélemy,Complet,24414,15812,"64,77",8602,"35,23",150,"0,61","1,74",84,"0,34","0,98",8368,"34,28","97,28",F,ARTHAUD,Nathalie,41,"0,17","0,49",M,ROUSSEL,Fabien,48,"0,2","0,57",M,MACRON,Emmanuel,2070,"8,48","24,74",M,LASSALLE,Jean,208,"0,85","2,49",F,LE PEN,Marine,1445,"5,92","17,27",M,ZEMMOUR,Éric,1107,"4,53","13,23",M,MÉLENCHON,Jean-Luc,2354,"9,64","28,13",F,HIDALGO,Anne,92,"0,38","1,1",M,JADOT,Yannick,247,"1,01","2,95",F,PÉCRESSE,Valérie,354,"1,45","4,23",M,POUTOU,Philippe,63,"0,26","0,75",M,DUPONT-AIGNAN,Nicolas,339,"1,39","4,05"
ZZ,Français établis hors de France,Complet,1435746,931455,"64,88",504291,"35,12",3193,"0,22","0,63",2147,"0,15","0,43",498951,"34,75","98,94",F,ARTHAUD,Nathalie,1300,"0,09","0,26",M,ROUSSEL,Fabien,3266,"0,23","0,65",M,MACRON,Emmanuel,224957,"15,67","45,09",M,LASSALLE,Jean,5964,"0,42","1,2",F,LE PEN,Marine,26380,"1,84","5,29",M,ZEMMOUR,Éric,43252,"3,01","8,67",M,MÉLENCHON,Jean-Luc,109394,"7,62","21,92",F,HIDALGO,Anne,12489,"0,87","2,5",M,JADOT,Yannick,40774,"2,84","8,17",F,PÉCRESSE,Valérie,20956,"1,46","4,2",M,POUTOU,Philippe,3145,"0,22","0,63",M,DUPONT-AIGNAN,Nicolas,7074,"0,49","1,42"
